,fraction-of-common-partners,fraction-of-common-go
corr with type-code,0.005049651435548733,-0.06558633110815931
p-value,0.2215193380382011,6.844074442839657e-57
