,fraction-of-common-partners,fraction-of-common-go
corr with type-code,0.07576721633851422,0.04771031641861598
p-value,2.3182505415835613e-75,6.807479091460884e-31
